# Pathway	75_S29_L001_R2_001_Coverage
UNMAPPED	1.0000000000
UNINTEGRATED	1.0000000000
UNINTEGRATED|g__Fusicatenibacter.s__Fusicatenibacter_saccharivorans	1.0000000000
UNINTEGRATED|g__Lachnospiraceae_unclassified.s__Eubacterium_rectale	1.0000000000
UNINTEGRATED|g__Roseburia.s__Roseburia_faecis	1.0000000000
UNINTEGRATED|g__Ruminococcus.s__Ruminococcus_bromii	1.0000000000
UNINTEGRATED|unclassified	1.0000000000
VALSYN-PWY: L-valine biosynthesis	0.9999951950
VALSYN-PWY: L-valine biosynthesis|g__Ruminococcus.s__Ruminococcus_bromii	0.4341230620
VALSYN-PWY: L-valine biosynthesis|g__Lachnospiraceae_unclassified.s__Eubacterium_rectale	0.5938068456
VALSYN-PWY: L-valine biosynthesis|g__Roseburia.s__Roseburia_faecis	0.0041722651
ARGSYNBSUB-PWY: L-arginine biosynthesis II (acetyl cycle)	0.9999996424
ARGSYNBSUB-PWY: L-arginine biosynthesis II (acetyl cycle)|g__Ruminococcus.s__Ruminococcus_bromii	0.9455163417
ARGSYNBSUB-PWY: L-arginine biosynthesis II (acetyl cycle)|g__Lachnospiraceae_unclassified.s__Eubacterium_rectale	0.2645512545
TRPSYN-PWY: L-tryptophan biosynthesis	0.9984019868
TRPSYN-PWY: L-tryptophan biosynthesis|g__Ruminococcus.s__Ruminococcus_bromii	0.1456874730
TRPSYN-PWY: L-tryptophan biosynthesis|g__Lachnospiraceae_unclassified.s__Eubacterium_rectale	0.2157443773
TRPSYN-PWY: L-tryptophan biosynthesis|g__Fusicatenibacter.s__Fusicatenibacter_saccharivorans	0.2029193669
PWY-7238: sucrose biosynthesis II	0.9999999409
PWY-7238: sucrose biosynthesis II|g__Ruminococcus.s__Ruminococcus_bromii	0.6264921016
PWY-7238: sucrose biosynthesis II|g__Lachnospiraceae_unclassified.s__Eubacterium_rectale	0.9160257223
PWY-7238: sucrose biosynthesis II|g__Fusicatenibacter.s__Fusicatenibacter_saccharivorans	0.2934539274
GLYCOGENSYNTH-PWY: glycogen biosynthesis I (from ADP-D-Glucose)	0.9999179179
GLYCOGENSYNTH-PWY: glycogen biosynthesis I (from ADP-D-Glucose)|g__Ruminococcus.s__Ruminococcus_bromii	0.3583721883
GLYCOGENSYNTH-PWY: glycogen biosynthesis I (from ADP-D-Glucose)|g__Fusicatenibacter.s__Fusicatenibacter_saccharivorans	0.6044535240
GLYCOGENSYNTH-PWY: glycogen biosynthesis I (from ADP-D-Glucose)|g__Lachnospiraceae_unclassified.s__Eubacterium_rectale	0.2378743088
GLUTORN-PWY: L-ornithine biosynthesis I	0.9999995932
GLUTORN-PWY: L-ornithine biosynthesis I|g__Ruminococcus.s__Ruminococcus_bromii	0.9389704430
GLUTORN-PWY: L-ornithine biosynthesis I|g__Lachnospiraceae_unclassified.s__Eubacterium_rectale	0.0878113552
PWY-6163: chorismate biosynthesis from 3-dehydroquinate	0.9999876951
PWY-6163: chorismate biosynthesis from 3-dehydroquinate|g__Ruminococcus.s__Ruminococcus_bromii	0.5527560119
PWY-6163: chorismate biosynthesis from 3-dehydroquinate|g__Lachnospiraceae_unclassified.s__Eubacterium_rectale	0.0721262802
ARO-PWY: chorismate biosynthesis I	0.9999784425
ARO-PWY: chorismate biosynthesis I|g__Ruminococcus.s__Ruminococcus_bromii	0.4095272939
ARO-PWY: chorismate biosynthesis I|g__Lachnospiraceae_unclassified.s__Eubacterium_rectale	0.0883269512
ARGSYN-PWY: L-arginine biosynthesis I (via L-ornithine)	0.9986964051
ARGSYN-PWY: L-arginine biosynthesis I (via L-ornithine)|g__Lachnospiraceae_unclassified.s__Eubacterium_rectale	0.1711083542
PWY-5097: L-lysine biosynthesis VI	0.9952971006
PWY-5097: L-lysine biosynthesis VI|g__Ruminococcus.s__Ruminococcus_bromii	0.0475669060
PWY-6122: 5-aminoimidazole ribonucleotide biosynthesis II	0.9741819669
PWY-6122: 5-aminoimidazole ribonucleotide biosynthesis II|g__Ruminococcus.s__Ruminococcus_bromii	0.0042024946
PWY-6122: 5-aminoimidazole ribonucleotide biosynthesis II|g__Lachnospiraceae_unclassified.s__Eubacterium_rectale	0.2646854506
PWY-6277: superpathway of 5-aminoimidazole ribonucleotide biosynthesis	0.9741819669
PWY-6277: superpathway of 5-aminoimidazole ribonucleotide biosynthesis|g__Ruminococcus.s__Ruminococcus_bromii	0.0042024946
PWY-6277: superpathway of 5-aminoimidazole ribonucleotide biosynthesis|g__Lachnospiraceae_unclassified.s__Eubacterium_rectale	0.2646854506
PWY-7221: guanosine ribonucleotides de novo biosynthesis	0.9936814265
PWY-7221: guanosine ribonucleotides de novo biosynthesis|g__Ruminococcus.s__Ruminococcus_bromii	0.0542704878
PWY-7221: guanosine ribonucleotides de novo biosynthesis|g__Lachnospiraceae_unclassified.s__Eubacterium_rectale	0.1090545048
PWY-6386: UDP-N-acetylmuramoyl-pentapeptide biosynthesis II (lysine-containing)	0.9674102796
PWY-6386: UDP-N-acetylmuramoyl-pentapeptide biosynthesis II (lysine-containing)|g__Lachnospiraceae_unclassified.s__Eubacterium_rectale	0.3920472832
PWY-6386: UDP-N-acetylmuramoyl-pentapeptide biosynthesis II (lysine-containing)|g__Fusicatenibacter.s__Fusicatenibacter_saccharivorans	0.2865557868
PEPTIDOGLYCANSYN-PWY: peptidoglycan biosynthesis I (meso-diaminopimelate containing)	0.9694505193
PEPTIDOGLYCANSYN-PWY: peptidoglycan biosynthesis I (meso-diaminopimelate containing)|g__Fusicatenibacter.s__Fusicatenibacter_saccharivorans	0.2865096655
PWY-6121: 5-aminoimidazole ribonucleotide biosynthesis I	0.9742480142
PWY-6121: 5-aminoimidazole ribonucleotide biosynthesis I|g__Ruminococcus.s__Ruminococcus_bromii	0.0007728549
PWY-6121: 5-aminoimidazole ribonucleotide biosynthesis I|g__Lachnospiraceae_unclassified.s__Eubacterium_rectale	0.2965412697
PWY-5188: tetrapyrrole biosynthesis I (from glutamate)	0.9958423074
PWY-5188: tetrapyrrole biosynthesis I (from glutamate)|g__Ruminococcus.s__Ruminococcus_bromii	0.4199438522
PWY-6387: UDP-N-acetylmuramoyl-pentapeptide biosynthesis I (meso-diaminopimelate containing)	0.9621110437
PWY-6387: UDP-N-acetylmuramoyl-pentapeptide biosynthesis I (meso-diaminopimelate containing)|g__Lachnospiraceae_unclassified.s__Eubacterium_rectale	0.3407189515
PWY-6387: UDP-N-acetylmuramoyl-pentapeptide biosynthesis I (meso-diaminopimelate containing)|g__Fusicatenibacter.s__Fusicatenibacter_saccharivorans	0.2558216280
NONMEVIPP-PWY: methylerythritol phosphate pathway I	0.9357848386
NONMEVIPP-PWY: methylerythritol phosphate pathway I|g__Ruminococcus.s__Ruminococcus_bromii	0.0036038342
PWY-6151: S-adenosyl-L-methionine salvage I	0.9958398973
PWY-6151: S-adenosyl-L-methionine salvage I|g__Ruminococcus.s__Ruminococcus_bromii	0.0412492648
PWY66-429: fatty acid biosynthesis initiation (mitochondria)	0.1069766469
PWY66-429: fatty acid biosynthesis initiation (mitochondria)|g__Fusicatenibacter.s__Fusicatenibacter_saccharivorans	0.3030041073
PWY-6629: superpathway of L-tryptophan biosynthesis	0.0000000045
PWY-5941: glycogen degradation II	0.0001312142
PWY-5941: glycogen degradation II|g__Fusicatenibacter.s__Fusicatenibacter_saccharivorans	0.3425975709
HISTSYN-PWY: L-histidine biosynthesis	0.5466562938
HISTSYN-PWY: L-histidine biosynthesis|g__Ruminococcus.s__Ruminococcus_bromii	0.0000000214
PWY-6700: queuosine biosynthesis I (de novo)	0.8641009267
PWY-6700: queuosine biosynthesis I (de novo)|g__Ruminococcus.s__Ruminococcus_bromii	0.0109411964
PWY-6700: queuosine biosynthesis I (de novo)|g__Lachnospiraceae_unclassified.s__Eubacterium_rectale	0.0590129235
COMPLETE-ARO-PWY: superpathway of aromatic amino acid biosynthesis	0.0000000030
PWY-5686: UMP biosynthesis I	0.0086021672
PWY-5686: UMP biosynthesis I|g__Lachnospiraceae_unclassified.s__Eubacterium_rectale	0.1800468221
PWY-7790: UMP biosynthesis II	0.0086021672
PWY-7790: UMP biosynthesis II|g__Lachnospiraceae_unclassified.s__Eubacterium_rectale	0.1800468221
PWY-7791: UMP biosynthesis III	0.0086021672
PWY-7791: UMP biosynthesis III|g__Lachnospiraceae_unclassified.s__Eubacterium_rectale	0.1800468221
TRNA-CHARGING-PWY: tRNA charging	0.0000000031
TRNA-CHARGING-PWY: tRNA charging|g__Lachnospiraceae_unclassified.s__Eubacterium_rectale	0.1934544572
CALVIN-PWY: Calvin-Benson-Bassham cycle	0.0000011289
CALVIN-PWY: Calvin-Benson-Bassham cycle|g__Lachnospiraceae_unclassified.s__Eubacterium_rectale	0.5155439594
PWY-1042: glycolysis IV	0.0000005645
PWY-1042: glycolysis IV|g__Lachnospiraceae_unclassified.s__Eubacterium_rectale	0.2732972225
PWY-1042: glycolysis IV|unclassified	0.3833085664
PWY-3841: folate transformations II (plants)	0.0000000091
PWY-3841: folate transformations II (plants)|g__Lachnospiraceae_unclassified.s__Eubacterium_rectale	0.1125762068
PWY-5667: CDP-diacylglycerol biosynthesis I	0.0007196375
PWY-5667: CDP-diacylglycerol biosynthesis I|g__Fusicatenibacter.s__Fusicatenibacter_saccharivorans	0.2762378562
PWY0-1319: CDP-diacylglycerol biosynthesis II	0.0007196375
PWY0-1319: CDP-diacylglycerol biosynthesis II|g__Fusicatenibacter.s__Fusicatenibacter_saccharivorans	0.2762378562
PWY-6609: adenine and adenosine salvage III	0.0104568178
PWY-6609: adenine and adenosine salvage III|g__Lachnospiraceae_unclassified.s__Eubacterium_rectale	0.5659735712
PWY-6609: adenine and adenosine salvage III|unclassified	0.3871430082
PWY-7357: thiamine phosphate formation from pyrithiamine and oxythiamine (yeast)	0.0000000012
PWY-7357: thiamine phosphate formation from pyrithiamine and oxythiamine (yeast)|g__Lachnospiraceae_unclassified.s__Eubacterium_rectale	0.5789312010
COA-PWY-1: superpathway of coenzyme A biosynthesis III (mammals)	0.0000003279
PWY-6385: peptidoglycan biosynthesis III (mycobacteria)	0.0000000000
COA-PWY: coenzyme A biosynthesis I (prokaryotic)	0.0000002623
COA-PWY: coenzyme A biosynthesis I (prokaryotic)|g__Lachnospiraceae_unclassified.s__Eubacterium_rectale	0.3744276561
COA-PWY: coenzyme A biosynthesis I (prokaryotic)|g__Fusicatenibacter.s__Fusicatenibacter_saccharivorans	0.3673436892
PWY-7851: coenzyme A biosynthesis II (eukaryotic)	0.0000002623
PWY-6270: isoprene biosynthesis I	0.0000000000
ILEUSYN-PWY: L-isoleucine biosynthesis I (from threonine)	0.0000000000
ILEUSYN-PWY: L-isoleucine biosynthesis I (from threonine)|g__Lachnospiraceae_unclassified.s__Eubacterium_rectale	0.5578983657
BRANCHED-CHAIN-AA-SYN-PWY: superpathway of branched chain amino acid biosynthesis	0.0000000000
BRANCHED-CHAIN-AA-SYN-PWY: superpathway of branched chain amino acid biosynthesis|g__Lachnospiraceae_unclassified.s__Eubacterium_rectale	0.5078863582
PWY-6527: stachyose degradation	0.0000001615
PWY-6527: stachyose degradation|g__Lachnospiraceae_unclassified.s__Eubacterium_rectale	0.2459502187
PWY-6317: D-galactose degradation I (Leloir pathway)	0.0000002148
PWY-7560: methylerythritol phosphate pathway II	0.0000000000
DTDPRHAMSYN-PWY: dTDP-&beta;-L-rhamnose biosynthesis	0.0000606018
DTDPRHAMSYN-PWY: dTDP-&beta;-L-rhamnose biosynthesis|g__Fusicatenibacter.s__Fusicatenibacter_saccharivorans	0.4326513653
DTDPRHAMSYN-PWY: dTDP-&beta;-L-rhamnose biosynthesis|g__Lachnospiraceae_unclassified.s__Eubacterium_rectale	0.0930757349
PWY0-1296: purine ribonucleosides degradation	0.0000661181
PWY0-1296: purine ribonucleosides degradation|g__Fusicatenibacter.s__Fusicatenibacter_saccharivorans	0.3823292935
PWY0-1296: purine ribonucleosides degradation|g__Lachnospiraceae_unclassified.s__Eubacterium_rectale	0.4241597499
PWY-8178: pentose phosphate pathway (non-oxidative branch) II	0.0000004500
PWY-8178: pentose phosphate pathway (non-oxidative branch) II|g__Lachnospiraceae_unclassified.s__Eubacterium_rectale	0.5076093310
PWY-7953: UDP-N-acetylmuramoyl-pentapeptide biosynthesis III (meso-diaminopimelate containing)	0.0000000000
PWY-7953: UDP-N-acetylmuramoyl-pentapeptide biosynthesis III (meso-diaminopimelate containing)|g__Fusicatenibacter.s__Fusicatenibacter_saccharivorans	0.4798763606
PWY-7953: UDP-N-acetylmuramoyl-pentapeptide biosynthesis III (meso-diaminopimelate containing)|g__Lachnospiraceae_unclassified.s__Eubacterium_rectale	0.1193896438
PWY-7229: superpathway of adenosine nucleotides de novo biosynthesis I	0.0000000000
ANAGLYCOLYSIS-PWY: glycolysis III (from glucose)	0.0000000000
NONOXIPENT-PWY: pentose phosphate pathway (non-oxidative branch) I	0.0000000000
NONOXIPENT-PWY: pentose phosphate pathway (non-oxidative branch) I|g__Lachnospiraceae_unclassified.s__Eubacterium_rectale	0.5044184136
PWY-7208: superpathway of pyrimidine nucleobases salvage	0.0000000001
PWY-7228: superpathway of guanosine nucleotides de novo biosynthesis I	0.0000000001
PANTOSYN-PWY: superpathway of coenzyme A biosynthesis I (bacteria)	0.0000000001
PWY-724: superpathway of L-lysine, L-threonine and L-methionine biosynthesis II	0.0000000000
PWY-6628: superpathway of L-phenylalanine biosynthesis	0.0000000000
PWY-5103: L-isoleucine biosynthesis III	0.0000000000
PWY-5103: L-isoleucine biosynthesis III|g__Lachnospiraceae_unclassified.s__Eubacterium_rectale	0.5155754281
PWY-6126: superpathway of adenosine nucleotides de novo biosynthesis II	0.0000000000
P41-PWY: pyruvate fermentation to acetate and (S)-lactate I	0.0000000000
P41-PWY: pyruvate fermentation to acetate and (S)-lactate I|g__Lachnospiraceae_unclassified.s__Eubacterium_rectale	0.6796876784
PWY-5100: pyruvate fermentation to acetate and lactate II	0.0000000000
PWY-5100: pyruvate fermentation to acetate and lactate II|g__Lachnospiraceae_unclassified.s__Eubacterium_rectale	0.6796876784
PWY-7199: pyrimidine deoxyribonucleosides salvage	0.0000000033
PANTO-PWY: phosphopantothenate biosynthesis I	0.0000000000
PANTO-PWY: phosphopantothenate biosynthesis I|g__Lachnospiraceae_unclassified.s__Eubacterium_rectale	0.1522699479
PWY-6823: molybdopterin biosynthesis	0.0000000002
PWY-6125: superpathway of guanosine nucleotides de novo biosynthesis II	0.0000000000
PWY-7328: superpathway of UDP-glucose-derived O-antigen building blocks biosynthesis	0.0000000000
PWY-7197: pyrimidine deoxyribonucleotide phosphorylation	0.0000000001
RIBOSYN2-PWY: flavin biosynthesis I (bacteria and plants)	0.0000000000
RIBOSYN2-PWY: flavin biosynthesis I (bacteria and plants)|g__Lachnospiraceae_unclassified.s__Eubacterium_rectale	0.2164863523
PWY66-409: superpathway of purine nucleotide salvage	0.0000000000
SER-GLYSYN-PWY: superpathway of L-serine and glycine biosynthesis I	0.0000000000
PWY-6897: thiamine diphosphate salvage II	0.0000000000
PYRIDNUCSYN-PWY: NAD de novo biosynthesis I (from aspartate)	0.0000000000
PWY0-1061: superpathway of L-alanine biosynthesis	0.0000000000
PWY0-1061: superpathway of L-alanine biosynthesis|g__Lachnospiraceae_unclassified.s__Eubacterium_rectale	0.3799973433
THISYN-PWY: superpathway of thiamine diphosphate biosynthesis I	0.0000000000
1CMET2-PWY: folate transformations III (E. coli)	0.0000000000
PWY-6895: superpathway of thiamine diphosphate biosynthesis II	0.0000000000
THRESYN-PWY: superpathway of L-threonine biosynthesis	0.0000000000
THISYNARA-PWY: superpathway of thiamine diphosphate biosynthesis III (eukaryotes)	0.0000000000
THISYNARA-PWY: superpathway of thiamine diphosphate biosynthesis III (eukaryotes)|g__Lachnospiraceae_unclassified.s__Eubacterium_rectale	0.5471818301
PWY-6123: inosine-5'-phosphate biosynthesis I	0.0000000000
PWY-6892: thiazole component of thiamine diphosphate biosynthesis I	0.0000000000
PWY-6731: starch degradation III	0.0000000000
PWY-6731: starch degradation III|g__Fusicatenibacter.s__Fusicatenibacter_saccharivorans	0.4343795176
PWY-7220: adenosine deoxyribonucleotides de novo biosynthesis II	0.0000000000
PWY-7222: guanosine deoxyribonucleotides de novo biosynthesis II	0.0000000000
PWY-7198: pyrimidine deoxyribonucleotides de novo biosynthesis IV	0.0000000000
PWY-5695: inosine 5'-phosphate degradation	0.0000000000
PWY-5695: inosine 5'-phosphate degradation|g__Fusicatenibacter.s__Fusicatenibacter_saccharivorans	0.3344482867
PWY0-1297: superpathway of purine deoxyribonucleosides degradation	0.0000000000
PWY-7977: L-methionine biosynthesis IV	0.0000000000
ASPASN-PWY: superpathway of L-aspartate and L-asparagine biosynthesis	0.0000000000
HSERMETANA-PWY: L-methionine biosynthesis III	0.0000000000
COBALSYN-PWY: superpathway of adenosylcobalamin salvage from cobinamide I	0.0000000000
PWY-6902: chitin degradation II (Vibrio)	0.0000000000
PWY-6902: chitin degradation II (Vibrio)|g__Fusicatenibacter.s__Fusicatenibacter_saccharivorans	0.2294014377
PWY-5384: sucrose degradation IV (sucrose phosphorylase)	0.0000000000